Label,Token,PMI,TokenSegmentCount,LabelSegmentCount,TokenLabelCount,IDF
supportive,inhibition,2.042582,542,3964,542,4.026420
supportive,beneficial,2.042582,19,3964,19,7.259199
supportive,sensitive,2.042582,102,3964,102,5.629958
supportive,synergistic,2.042582,64,3964,64,6.127797
supportive,favorable,2.042582,27,3964,27,6.922727
supportive,reduced,2.042582,74,3964,74,5.992251
supportive,effective,2.042582,158,3964,158,5.217979
supportive,promising,2.042582,112,3964,112,5.536432
supportive,cost-effective,2.042582,6,3964,6,8.645493
supportive,decreased,2.042582,44,3964,44,6.470742
supportive,enhanced,2.042582,38,3964,38,6.644013
supportive,suppressed,2.042582,10,3964,10,7.857036
supportive,improved,2.042582,23,3964,23,7.119437
supportive,sensitivity,2.036564,240,3964,239,4.917393
supportive,response,1.849639,519,3964,454,4.119366
supportive,oligonucleotides,1.828457,7,3964,6,8.175490
supportive,benefit,1.819063,160,3964,137,5.224493
supportive,improvement,1.804070,26,3964,22,6.959094
supportive,co-occurring,1.791043,6,3964,5,8.309021
supportive,d1,1.760182,11,3964,9,7.770025
supportive,halt,1.737727,5,3964,4,8.645493
supportive,dose-dependently,1.737727,5,3964,4,8.463172
supportive,cdk7/9,1.737727,5,3964,4,8.868637
supportive,likelihood,1.737727,5,3964,4,8.463172
supportive,weaken,1.737727,5,3964,4,8.463172
supportive,dutogliptin,1.737727,5,3964,4,8.868637
supportive,lethal,1.737727,5,3964,4,8.463172
supportive,lethality,1.737727,5,3964,4,8.463172
supportive,nf-kappab,1.737727,5,3964,4,8.868637
supportive,plx4720,1.729424,10,3964,8,7.952346
supportive,sb590885,1.691109,9,3964,7,8.057707
supportive,well-tolerated,1.672213,13,3964,10,7.615874
supportive,suggesting,1.642044,8,3964,6,8.057707
supportive,gsk591,1.642044,8,3964,6,8.057707
supportive,remarkably,1.637325,12,3964,9,7.689982
supportive,reduce,1.612557,411,3964,305,4.306896
supportive,render,1.603697,15,3964,11,7.482343
supportive,promise,1.591597,37,3964,27,6.617345
supportive,cyclin,1.580678,18,3964,13,7.310492
supportive,os,1.576918,7,3964,5,8.309021
supportive,subtypes,1.576918,7,3964,5,8.175490
supportive,bromperidol,1.576918,7,3964,5,8.868637
supportive,erlotinib-resistant,1.576918,7,3964,5,8.309021
supportive,ng/ml,1.576918,7,3964,5,8.175490
supportive,trh,1.576918,7,3964,5,8.175490
supportive,imgatuzumab,1.543011,10,3964,7,8.645493
supportive,elisidepsin,1.543011,10,3964,7,8.868637
supportive,suppress,1.522803,208,3964,145,4.987073
supportive,dramatically,1.512067,16,3964,11,7.421718
supportive,improve,1.486188,156,3964,106,5.231051
supportive,bacterial,1.486188,6,3964,4,8.309021
supportive,min/+,1.486188,6,3964,4,8.868637
supportive,connect,1.486188,6,3964,4,8.645493
supportive,coincide,1.486188,6,3964,4,8.309021
supportive,correlative,1.486188,6,3964,4,8.309021
supportive,transformation,1.486188,6,3964,4,8.309021
supportive,cerebrospinal,1.486188,6,3964,4,8.309021
supportive,radiosensitivity,1.486188,6,3964,4,8.463172
supportive,spheroid,1.486188,6,3964,4,8.463172
supportive,dfs,1.486188,6,3964,4,8.645493
supportive,ttp,1.486188,6,3964,4,8.309021
supportive,kras-variant,1.486188,6,3964,4,9.156319
supportive,pten-null,1.486188,6,3964,4,8.463172
supportive,caspase,1.476984,9,3964,6,7.952346
supportive,hif-1,1.472266,12,3964,8,7.857036
supportive,irrespective,1.467467,18,3964,12,7.310492
supportive,respond,1.444444,41,3964,27,6.566052
supportive,decrease,1.442477,323,3964,213,4.528084
supportive,catenin,1.408710,11,3964,7,7.770025
supportive,enhance,1.400874,178,3964,114,5.113268
supportive,indicator,1.390505,8,3964,5,8.057707
supportive,tamoxifen-resistant,1.390505,8,3964,5,8.463172
supportive,survivin,1.390505,8,3964,5,8.309021
supportive,hspb1,1.390505,8,3964,5,8.645493
supportive,nafamostat,1.390505,8,3964,5,8.868637
supportive,taselisib,1.361111,21,3964,13,7.689982
supportive,platinum,1.359055,13,3964,8,7.689982
supportive,mb,1.350704,5,3964,3,8.463172
supportive,alt,1.350704,5,3964,3,8.463172
supportive,ko,1.350704,5,3964,3,8.463172
supportive,hr-positive,1.350704,5,3964,3,8.645493
supportive,anti-apoptotic,1.350704,5,3964,3,8.463172
supportive,drug-resistant,1.350704,5,3964,3,8.463172
supportive,basolateral,1.350704,5,3964,3,8.463172
supportive,apoe-,1.350704,5,3964,3,9.156319
supportive,arise,1.350704,5,3964,3,8.463172
supportive,notch,1.350704,5,3964,3,8.463172
supportive,tipifarnib,1.350704,5,3964,3,8.463172
supportive,pk/pd,1.350704,5,3964,3,8.645493
supportive,place,1.350704,5,3964,3,8.463172
supportive,immediate,1.350704,5,3964,3,8.463172
supportive,nevertheless,1.350704,5,3964,3,8.463172
supportive,low-density,1.350704,5,3964,3,8.463172
supportive,csnk2a1,1.350704,5,3964,3,8.645493
supportive,silmitasertib,1.350704,5,3964,3,8.645493
supportive,keratinocytes,1.350704,5,3964,3,8.463172
supportive,mixed,1.350704,5,3964,3,8.463172
supportive,egfr-met,1.350704,5,3964,3,8.463172
supportive,multi-target,1.350704,5,3964,3,8.645493
supportive,indicating,1.350704,5,3964,3,8.463172
supportive,wee1,1.350704,5,3964,3,8.645493
supportive,homologue,1.350704,5,3964,3,8.645493
supportive,sirna-mediated,1.350704,5,3964,3,8.463172
supportive,inavolisib,1.350704,5,3964,3,8.868637
supportive,glycolysis,1.350704,5,3964,3,8.463172
supportive,tf,1.350704,5,3964,3,8.645493
supportive,fludarabine,1.350704,5,3964,3,8.868637
supportive,mitotic,1.350704,5,3964,3,8.645493
supportive,shr,1.350704,5,3964,3,8.868637
supportive,multimeric,1.350704,5,3964,3,8.868637
supportive,element,1.328886,10,3964,6,7.857036
supportive,blunt,1.328886,10,3964,6,7.857036
supportive,egfr-amplified,1.328886,10,3964,6,8.175490
supportive,met-amplified,1.328886,10,3964,6,7.857036
supportive,nsc,1.285853,12,3964,7,7.952346
supportive,progression-free,1.273656,53,3964,31,6.265947
supportive,net,1.272063,7,3964,4,8.175490
supportive,translation,1.272063,7,3964,4,8.175490
supportive,probable,1.272063,7,3964,4,8.175490
supportive,az628,1.272063,7,3964,4,8.463172
opposing,imatinib-resistant,3.148944,16,1841,16,7.770025
opposing,adverse,3.148944,38,1841,38,6.671412
opposing,progression,3.148944,109,1841,109,5.610540
opposing,progression-free,3.148944,53,1841,53,6.265947
opposing,resistant,3.148944,103,1841,103,5.733143
opposing,drug-resistant,3.148944,5,1841,5,8.463172
opposing,limited,3.148944,23,1841,23,7.076877
opposing,ineffective,3.148944,9,1841,9,8.057707
opposing,overcame,3.148944,8,1841,8,8.057707
opposing,tamoxifen-resistant,3.148944,8,1841,8,8.463172
opposing,toxic,3.148944,15,1841,15,7.546881
opposing,contraindicate,3.148944,9,1841,9,7.952346
opposing,erlotinib-resistant,3.148944,7,1841,7,8.309021
opposing,egfr-independent,3.148944,5,1841,5,8.645493
opposing,osimertinib-resistant,3.148944,7,1841,7,8.309021
opposing,gefitinib-resistant,3.148944,9,1841,9,8.175490
opposing,cisplatin-resistant,3.148944,14,1841,14,7.689982
opposing,sorafenib-resistant,3.148944,7,1841,7,8.645493
opposing,resistance,3.146184,523,1841,522,4.243664
opposing,failure,3.085519,23,1841,22,7.076877
opposing,bad,3.014643,11,1841,10,7.857036
opposing,acquire,2.989036,76,1841,68,6.006436
opposing,lorlatinib,2.983885,9,1841,8,8.175490
opposing,overcome,2.977333,80,1841,71,5.937443
opposing,fail,2.975177,35,1841,31,6.671412
opposing,multidrug,2.897405,6,1841,5,8.309021
opposing,endometriosis,2.897405,6,1841,5,9.156319
opposing,rpsa,2.897405,6,1841,5,8.645493
opposing,hcc827,2.844089,5,1841,4,8.463172
opposing,circ,2.844089,5,1841,4,8.645493
opposing,emergence,2.748406,8,1841,6,8.057707
opposing,pyrazinamide,2.748406,8,1841,6,8.175490
opposing,limit,2.624523,26,1841,18,6.996835
opposing,upfront,2.592551,6,1841,4,8.463172
opposing,radiographic,2.592551,6,1841,4,8.463172
opposing,way,2.592551,6,1841,4,8.309021
opposing,c797s,2.592551,6,1841,4,8.309021
opposing,h1975,2.592551,6,1841,4,8.463172
opposing,egfr-dependent,2.583347,9,1841,6,8.057707
opposing,confer,2.547108,32,1841,21,6.789195
opposing,enzalutamide,2.515072,11,1841,7,8.175490
opposing,lirafugratinib,2.496867,8,1841,5,8.463172
opposing,halt,2.457066,5,1841,3,8.645493
opposing,degrader,2.457066,5,1841,3,8.463172
opposing,mrp1,2.457066,5,1841,3,8.463172
opposing,mlh1,2.392215,12,1841,7,7.857036
opposing,a549/ddp,2.378426,7,1841,4,9.156319
opposing,ras,2.378426,7,1841,4,8.175490
opposing,heterogeneous,2.378426,7,1841,4,8.175490
opposing,cabazitaxel,2.378426,7,1841,4,8.645493
opposing,emt,2.378426,7,1841,4,8.309021
opposing,atm,2.378426,7,1841,4,8.309021
opposing,egfr-targeting,2.378426,7,1841,4,8.175490
opposing,yes1,2.378426,7,1841,4,8.309021
opposing,endpoint,2.331808,9,1841,5,7.952346
opposing,frequent,2.331808,9,1841,5,7.952346
opposing,abivertinib,2.300947,11,1841,6,8.463172
opposing,sch772984,2.279005,13,1841,7,7.857036
opposing,event,2.205528,31,1841,16,6.922727
opposing,csk,2.205528,6,1841,3,8.868637
opposing,numerically,2.205528,6,1841,3,8.309021
opposing,signal-regulated,2.205528,6,1841,3,8.309021
opposing,gilteritinib,2.205528,6,1841,3,8.309021
opposing,met-tki,2.205528,6,1841,3,8.868637
opposing,dramatic,2.192013,8,1841,4,8.057707
opposing,low-grade,2.192013,8,1841,4,8.309021
opposing,chromosome,2.192013,8,1841,4,8.175490
opposing,naquotinib,2.192013,8,1841,4,8.309021
opposing,bypass,2.192013,8,1841,4,8.175490
opposing,cervical,2.183709,10,1841,5,8.175490
opposing,pik3ca/akt1/pten-altered,2.183709,10,1841,5,8.175490
opposing,entrectinib,2.183709,10,1841,5,8.057707
opposing,met-amplified,2.183709,10,1841,5,7.857036
opposing,adriamycin,2.178090,12,1841,6,7.857036
opposing,underlie,2.174035,14,1841,7,7.546881
opposing,drive,2.160085,32,1841,16,6.789195
opposing,render,2.076188,15,1841,7,7.482343
opposing,ros1,2.064880,13,1841,6,7.857036
opposing,contributes,2.064880,13,1841,6,7.615874
opposing,tensin,2.064880,13,1841,6,7.615874
opposing,futibatinib,2.049408,11,1841,5,8.057707
opposing,prove,2.049408,11,1841,5,7.770025
opposing,egfr-tkis,2.031761,35,1841,16,7.036055
opposing,combinatorial,2.026954,9,1841,4,7.952346
opposing,sufficient,2.026954,9,1841,4,7.952346
opposing,downregulating,2.026954,9,1841,4,7.952346
opposing,stemness,1.991403,7,1841,3,8.309021
opposing,subpopulation,1.991403,7,1841,3,8.175490
opposing,her3,1.991403,7,1841,3,8.175490
opposing,tremelimumab,1.991403,7,1841,3,8.463172
opposing,critically,1.991403,7,1841,3,8.175490
opposing,del,1.991403,7,1841,3,8.463172
opposing,her2-positive,1.959910,14,1841,6,7.770025
opposing,hcc,1.951561,76,1841,33,6.144057
opposing,intrinsic,1.949006,21,1841,9,7.210409
opposing,promotes,1.926552,12,1841,5,7.689982
opposing,cml,1.926552,12,1841,5,7.689982
opposing,clone,1.898401,17,1841,7,7.482343
opposing,malignant,1.898401,17,1841,7,7.421718
opposing,largely,1.878855,10,1841,4,7.857036
opposing,overexpressed,1.878855,10,1841,4,7.952346
opposing,ctdna,1.878855,10,1841,4,7.857036
opposing,confers,1.862063,15,1841,6,7.482343
opposing,egfr-tki,1.847154,62,1841,25,6.342908
opposing,gist,1.840395,40,1841,16,6.887635
opposing,poor,1.837742,50,1841,20,6.323106
opposing,alk,1.822294,38,1841,15,6.644013
opposing,highlight,1.821582,33,1841,13,6.728571
opposing,secondary,1.820618,28,1841,11,6.887635
opposing,insight,1.817100,18,1841,7,7.310492
opposing,deplete,1.813341,13,1841,5,7.615874
opposing,fotemustine,1.813341,13,1841,5,7.952346
opposing,cddp,1.804990,8,1841,3,8.175490
opposing,lose,1.804990,8,1841,3,8.175490
opposing,viral,1.804990,8,1841,3,8.057707
opposing,evolution,1.804990,8,1841,3,8.057707
opposing,initially,1.804990,8,1841,3,8.175490
opposing,criterion,1.804990,8,1841,3,8.057707
opposing,underlying,1.804990,8,1841,3,8.057707
opposing,ly3009120,1.804990,8,1841,3,8.463172
neutral,associated,2.670530,10,2565,10,7.857036
neutral,unclear,2.670530,9,2565,9,7.952346
neutral,preliminary,2.670530,23,2565,23,7.076877
neutral,tumor-associated,2.670530,5,2565,5,8.463172
neutral,vhl-associated,2.670530,5,2565,5,8.463172
neutral,disease-associated,2.670530,6,2565,6,8.868637
neutral,background,2.655463,96,2565,95,5.680220
neutral,associate,2.639016,370,2565,362,4.428931
neutral,subtilisin-kexin,2.505471,9,2565,8,7.952346
neutral,review,2.493290,43,2565,38,6.517262
neutral,lectin,2.418991,6,2565,5,8.309021
neutral,association,2.369835,122,2565,99,5.591492
neutral,hr-positive,2.365676,5,2565,4,8.645493
neutral,low-density,2.365676,5,2565,4,8.463172
neutral,objective,2.361580,62,2565,50,6.111797
neutral,correlate,2.341817,93,2565,74,5.800584
neutral,hla-b,2.204867,7,2565,5,8.309021
neutral,evaluate,2.171804,294,2565,208,4.585050
neutral,summarize,2.170959,10,2565,7,7.857036
neutral,ocd,2.114137,6,2565,4,8.868637
neutral,neoplasm,2.114137,6,2565,4,8.309021
neutral,mannose-binding,2.114137,6,2565,4,8.309021
neutral,information,2.114137,6,2565,4,8.309021
neutral,receptor-tyrosine,2.114137,6,2565,4,8.309021
neutral,anti-hgf,2.114137,6,2565,4,8.463172
neutral,investigate,2.051384,272,2565,177,4.649129
neutral,focus,2.040176,28,2565,18,6.887635
neutral,underlying,2.018453,8,2565,5,8.057707
neutral,consequence,2.018453,8,2565,5,8.057707
neutral,belzutifan,2.001355,24,2565,15,7.689982
neutral,cytometry,1.978652,5,2565,3,8.463172
neutral,cover,1.978652,5,2565,3,8.463172
neutral,comparative,1.978652,5,2565,3,8.463172
neutral,rheumatoid,1.978652,5,2565,3,8.463172
neutral,clozapine-induced,1.978652,5,2565,3,8.645493
neutral,moderate-to-severe,1.978652,5,2565,3,8.463172
neutral,endothelin,1.978652,5,2565,3,8.463172
neutral,captopril,1.978652,5,2565,3,8.463172
neutral,arg194trp,1.978652,5,2565,3,8.463172
neutral,aki,1.978652,5,2565,3,8.868637
neutral,methylated,1.978652,5,2565,3,8.463172
neutral,cct,1.978652,5,2565,3,8.645493
neutral,hippel-lindau,1.978652,5,2565,3,8.463172
neutral,serine,1.956834,10,2565,6,7.857036
neutral,explore,1.901605,53,2565,31,6.284639
neutral,vs,1.900012,7,2565,4,8.309021
neutral,oc,1.900012,7,2565,4,8.309021
neutral,arthritis,1.900012,7,2565,4,8.175490
neutral,bromperidol,1.900012,7,2565,4,8.868637
neutral,history,1.900012,7,2565,4,8.463172
neutral,disorder,1.857616,16,2565,9,7.546881
neutral,pathogenesis,1.853394,9,2565,5,7.952346
neutral,alcohol,1.853394,9,2565,5,7.952346
neutral,subtype,1.853394,9,2565,5,7.952346
neutral,bmi,1.853394,9,2565,5,8.175490
neutral,cardiovascular,1.838258,18,2565,10,7.482343
neutral,maternal,1.822533,11,2565,6,7.857036
neutral,ihc,1.822533,11,2565,6,8.175490
neutral,terminal,1.822533,11,2565,6,7.952346
neutral,negatively,1.784187,15,2565,8,7.482343
neutral,al,1.761296,19,2565,10,7.546881
neutral,mtx,1.727114,6,2565,3,8.309021
neutral,angiotensin,1.727114,6,2565,3,8.309021
neutral,abnormality,1.727114,6,2565,3,8.309021
neutral,green,1.727114,6,2565,3,8.309021
neutral,neuromuscular,1.727114,6,2565,3,8.463172
neutral,axonal,1.727114,6,2565,3,8.463172
neutral,neuroendocrine,1.727114,6,2565,3,8.309021
neutral,inducible,1.727114,6,2565,3,8.309021
neutral,pimasertib,1.727114,6,2565,3,8.645493
neutral,leucovorin,1.727114,6,2565,3,8.309021
neutral,radiographic,1.727114,6,2565,3,8.463172
neutral,polymerase,1.727114,6,2565,3,8.309021
neutral,sex,1.727114,6,2565,3,8.309021
neutral,multidrug,1.727114,6,2565,3,8.309021
neutral,intake,1.727114,6,2565,3,8.463172
neutral,asthma,1.727114,6,2565,3,8.309021
neutral,special,1.727114,6,2565,3,8.309021
neutral,her2+,1.727114,6,2565,3,8.463172
neutral,ttp,1.727114,6,2565,3,8.309021
neutral,hgf/met,1.727114,6,2565,3,8.309021
neutral,discontinue,1.713599,8,2565,4,8.057707
neutral,repurposed,1.713599,8,2565,4,8.057707
neutral,stroke,1.713599,8,2565,4,8.057707
neutral,evolution,1.713599,8,2565,4,8.057707
neutral,magnitude,1.713599,8,2565,4,8.057707
neutral,ifn,1.713599,8,2565,4,8.175490
neutral,rs1695,1.713599,8,2565,4,8.868637
neutral,cisplatin-based,1.705296,10,2565,5,8.057707
neutral,solitomab,1.705296,10,2565,5,8.309021
neutral,severity,1.690159,18,2565,9,7.421718
neutral,convertase,1.682404,30,2565,15,6.820944
neutral,non-small-cell,1.681671,32,2565,16,6.887635
neutral,proprotein,1.630266,27,2565,13,6.922727
neutral,meta-analysis,1.597774,15,2565,7,7.546881
neutral,pregnancy,1.586466,13,2565,6,7.615874
neutral,diagnosis,1.586466,13,2565,6,7.952346
neutral,pik3ca-mutated,1.586466,13,2565,6,8.057707
neutral,relation,1.570994,11,2565,5,7.770025
neutral,zeste,1.570994,11,2565,5,7.857036
neutral,snp,1.562470,24,2565,11,7.036055
neutral,flow,1.548540,9,2565,4,7.952346
neutral,positively,1.548540,9,2565,4,7.952346
neutral,article,1.548540,9,2565,4,8.057707
neutral,chemokine,1.548540,9,2565,4,7.952346
neutral,pi3k/mtor,1.548540,9,2565,4,8.057707
neutral,tunlametinib,1.548540,9,2565,4,8.463172
neutral,neonatal,1.548540,9,2565,4,8.309021
neutral,tam,1.548540,9,2565,4,7.952346
neutral,x-ray,1.548540,9,2565,4,7.952346
neutral,pathological,1.548540,9,2565,4,7.952346
neutral,modafinil,1.548540,9,2565,4,8.175490
neutral,silibinin,1.548540,9,2565,4,8.309021
neutral,immunohistochemical,1.548540,9,2565,4,7.952346
neutral,anetumab,1.548540,9,2565,4,8.463172
neutral,ptu,1.548540,9,2565,4,7.952346
neutral,discuss,1.525100,18,2565,8,7.310492
neutral,inversely,1.512989,7,2565,3,8.175490
neutral,alzheimer,1.512989,7,2565,3,8.175490
neutral,hs-crp,1.512989,7,2565,3,8.309021
